{"cameraMode":{"drawMode":0,"name":"Shaded","section":"Shading Mode"},"sceneLighting":true,"audioPlay":false,"sceneViewState":{"m_AlwaysRefresh":false,"showFog":true,"showSkybox":true,"showFlares":true,"showImageEffects":true,"showParticleSystems":true,"showVisualEffectGraphs":true,"m_FxEnabled":true},"in2DMode":false,"pivot":{"x":21.3510799407959,"y":46.409080505371097,"z":156.71385192871095},"rotation":{"x":-0.011252650059759617,"y":-0.933107852935791,"z":0.3589194715023041,"w":-0.028768712654709817},"size":0.7305914759635925,"orthographic":false}